id,name,model_id:id,group_id:id,perm_read,perm_write,perm_create,perm_unlink
access_gocardless_payment,GoCardless Payment Access,model_gocardless_payment,account.group_account_invoice,1,0,0,0
access_gocardless_mandate,GoCardless Payment Access,model_gocardless_mandate,account.group_account_invoice,1,1,1,0
access_gocardless_event,GoCardless Payment Access,model_gocardless_event,account.group_account_invoice,1,0,0,0

admin_access_gocardless_payment,GoCardless Payment System Access,model_gocardless_payment,base.group_system,1,0,0,0
admin_access_gocardless_mandate,GoCardless Payment System Access,model_gocardless_mandate,base.group_system,1,1,1,0
admin_access_gocardless_event,GoCardless Payment System Access,model_gocardless_event,base.group_system,1,0,0,0