<odoo>
    <data noupdate="1">

        <!-- Security Permissions -->
        <!-- <record id="gc_security_permission_payment_ref" model="ir.model.access">
            <field name="name">gc_security_permission_payment</field>
            <field name="active" eval="True" />
            <field name="model_id" ref="model_gocardless_payment" />
            <field name="perm_read" eval="True" />
            <field name="perm_write" eval="False" />
            <field name="perm_create" eval="False" />
            <field name="perm_unlink" eval="False" />
        </record>

        <record id="gc_security_permission_mandate_ref" model="ir.model.access">
            <field name="name">gc_security_permission_mandate</field>
            <field name="active" eval="True" />
            <field name="model_id" ref="model_gocardless_mandate" />
            <field name="perm_read" eval="True" />
            <field name="perm_write" eval="False" />
            <field name="perm_create" eval="True" />
            <field name="perm_unlink" eval="False" />
        </record>

        <record id="gc_security_permission_event_ref" model="ir.model.access">
            <field name="name">gc_security_permission_event</field>
            <field name="active" eval="True" />
            <field name="model_id" ref="model_gocardless_event" />
            <field name="perm_read" eval="True" />
            <field name="perm_write" eval="False" />
            <field name="perm_create" eval="False" />
            <field name="perm_unlink" eval="False" />
        </record> -->

        <!-- Post-Install Message -->
        <record id="gc_post_install_msg" model="mail.message">
            <field name="subject">Action Required: GoCardless Post-Install</field>
            <field name="body" type="xml">
                <p>Hi,</p>
                <p>Congratulations - the GoCardless module has been successfully installed. In order to complete setup, the Odoo service <b>must</b> now be restarted.</p>
                <p>Please note that the GoCardless module may not function correctly until this step has been completed.</p>
                <p>If you require any further assistance, please feel free to contact <a href="mailto:support@jotnarsystems.com">support@jotnarsystems.com</a> at any time.</p>
                <p>Thanks again for choosing Jötnar Systems.</p>
            </field>
            <field name="message_type">email</field>
            <field name="subtype_id" ref="mail.mt_comment"/>
            <field name="email_from">support@jotnarsystems.com</field>
            <field name="author_id" eval="False"/>
            <field name="partner_ids" eval="[(6, 0, [ref('base.partner_root')])]"/>
            <field name="date" eval="datetime.today()"/>
        </record>

        <!-- Server Actions -->
        <record id="gocardless_add_partner_action" model="ir.cron">
            <field name="name">Gocardless: Add Partner Email Batch</field>
            <field name="model_id" ref="model_res_partner"/>
            <field name="state">code</field>
            <field name="code">model.addPartnerBatchRun()</field>
            <field name="interval_number">10</field>
            <field name="numbercall">-1</field>
            <field name="interval_type">minutes</field>
            <field name="active" eval="True" />
        </record>

        <record id="gocardless_event_queue_action" model="ir.cron">
            <field name="name">Gocardless: Process Event Queue</field>
            <field name="model_id" ref="model_gocardless_event"/>
            <field name="state">code</field>
            <field name="code">model.doEvents()</field>
            <field name="interval_number">10</field>
            <field name="interval_type">minutes</field>
            <field name="numbercall">-1</field>
            <field name="active" eval="True" />
        </record>        
        
        <!-- Accounting & Journals -->
        <record id="journal_gocardless" model="account.journal">
            <field name="name">GoCardless</field>
            <field name="code">GC</field>
            <field name="type">bank</field>
            <field name="show_on_dashboard" eval="True" />
        </record>

        <!-- Email Templates -->
        <record id="gc_mandate_invite_email" model="mail.template">
            <field name="name">GoCardless: Mandate Setup Email</field>
            <field name="model_id" ref="model_res_partner" />
            <field name="email_from"><![CDATA[${object.company_id.name} <${object.company_id.email}>]]></field>
            <field name="email_to">${object.email}</field>
            <field name="subject">${object.company_id.name} Payment Setup Instructions</field>
            <field name="body_html">
                <![CDATA[
                    <p>Dear ${object.name},</p>
                    <p>You have been requested to set up a Direct Debit mandate with GoCardless. To do so, please visit the following link:</p>
                    <p><a href="${object.gc_redirect_url}">${object.gc_redirect_url}</a></p>
                    <p></p>
                    <p></p>
                    <p>Many thanks,</p>
                    <p>${object.company_id.name}</p>
                ]]>
            </field>
        </record>
    </data>
</odoo>